<?xml version="1.0"?>
<games>
    <game>
        <name>Borderlands</name>
        <release>2009.</release>
    </game>

    <game>
        <name>Borderlands 2</name>
        <release>2012.</release>
    </game>

    <game>
        <name>Borderlands: The Pre-Sequel</name>
        <release>2014.</release>
    </game>

    <game>
        <name>Tales from the Borderlands</name>
        <release>2014.</release>
    </game>

    <game>
        <name>Borderlands 2 VR</name>
        <release>2018.</release>
    </game>

    <game>
        <name>Borderlands</name>
        <release>2019.</release>
    </game>

   
</games>